use master
go
create database WB
on
(
name='WB',
filename='D:\SQLcunchu\WB.dmf',
size=5mb,
maxsize=100mb,
filegrowth=10%
)
log on
(
name='WB_log',
filename='D:\SQLcunchu\WB_log.lmf',
size=5mb,
maxsize=100mb,
filegrowth=10%
)
go
use WB 
go
create table tbl_card
(
id varchar(20) primary key,
passWord varchar(11), 
balance money,
userName nvarchar(20)
)
create table tbl_computer
(
id varchar(10) primary key,
onUse char check(onUse in (1,0)),
note ntext
)
create table tbl_record
(
id int primary key, 
cardId varchar(20) references tbl_card(id),
ComputerId varchar(10),
begintime datetime,
endtime datetime,
free money
)
insert into tbl_card values
('0025_AAA','555','77','张军'),
('0023_ABC','555',98,'张军'),
('0025_bbd','abe',300,'朱俊'),
('0036_CCD','何柳',100,'何柳'),
('0045_VGR','0045_YGR',58,'证验'),
('0078_RJV','55885fg',600,'校庆'),
('0089_EDE','zhang',134,'张峻')
insert into tbl_computer values
('02',0,'25555'),
('03',1,'55555'),
('04',0,'66666'),
('05',1,'88888'),
('06',0,'68878'),
('B01',0,'558558')
insert into tbl_record values
(23,'0078_RJV','B01','2007-07-15 19:00:00','2007-07-15 21:00:00','20'),
(34,'0025_bbd','02','2006-12-25 18:00:00','2006-12-25 22:00:00','23'),
(45,'0023_ABC','03','2006-12-23 15:26:00','2006-12-23 22:55:00','50'),
(46,'0023_ABC','03','2006-12-22 15:26:00','2006-12-22 22:55:00','6'),
(47,'0023_ABC','03','2006-12-23 15:26:00','2006-12-23 22:55:00','50'),
(48,'0023_ABC','03','2007-01-06 15:26:00','2007-01-06 22:55:00','6'),
(55,'0023_ABC','03','2006-07-21 15:26:00','2006-07-21 22:55:00','50'),
(64,'0045_VGR','04','2006-12-24 18:00:00','2006-12-24 22:00:00','38'),
(65,'0025_bbd','04','2006-12-28 18:00:00','2006-12-28 22:00:00','23'),
(98,'0025_bbd','02','2006-12-26 18:00:00','2006-12-28 22:00:00','23')
select*from tbl_card
select*from tbl_computer
select*from tbl_record
--1. 查询出用户名为'张军'的上网卡的上网记录，要求显示卡号，用户名，机器编号、开始时间、结束时间，和消费金额，并按消费金额降序排列
select cardId 卡号,userName 用户姓名,tbl_record.id 机器编号,begintime 开始时间,endtime 结束时间,free 消费金额 from tbl_card
right join tbl_record on tbl_card.id = tbl_record.cardId
where userName='张军' group by cardId, userName,tbl_record.id,begintime,endtime,free order by free desc
--2. 查询出每台机器上的上网次数和消费的总金额
select tbl_computer.id  机器名称,count(*)上网次数,sum(free)消费总金额 from tbl_computer left join tbl_record on tbl_computer.id=tbl_record.ComputerId  group by tbl_computer.id 
--3. 查询出所有已经使用过的上网卡的消费总金额
select sum(free)消费总金额 from tbl_record left join tbl_card on tbl_record.cardId = tbl_card.id where cardId is not null
--4. 查询出从未消费过的上网卡的卡号和用户名
select tbl_card.id 卡号,userName 用户名 from tbl_record right join tbl_card on tbl_record.cardId = tbl_card.id where cardId is null
--5. 将密码与用户名一样的上网卡信息查询出来
select * from tbl_card A inner join
(select passWord,userName from tbl_card group by passWord,userName having count(passWord)>1 and count(userName)>1) B on A.userName=B.userName and A.passWord=B.passWord
--6. 查询出使用次数最多的机器号和使用次数
SELECT TOP 1 A.ComputerId ,count( * ) AS count from tbl_record A INNER join tbl_record  B on A.ID=B.ID GROUP BY A.ComputerId ORDER BY COUNT(*) desc
--7. 查询出卡号是以'ABC'结尾的卡号，用户名，上网的机器号和消费金额
select cardId 卡号,userName 用户名,ComputerId 机器号,free 消费金额 from tbl_card A inner join tbl_record B on A.id=B.cardId where cardId like '[0-9][0-9][0-9][0-9]_ABC'
--8. 查询出是周六、周天上网的记录，要求显示上网的卡号，用户名，机器号，开始时间、结束时间和消费金额
select cardId 卡号,userName 用户名,begintime 开始时间,endtime 结束时间,free 消费金额 from tbl_card right join tbl_record on tbl_card.id=tbl_record.cardId
where datepart(weekday,endtime)=1 or datepart(WEEKDAY,endtime)=7
--9. 查询成一次上网时间超过12小时的的上网记录，要求显示上网的卡号，用户名，机器号，开始时间、结束时间和消费金额
select * from tbl_record where datediff(HH,begintime,endtime)>=12
--10. 查询除消费金额排列前三名(最高)的上网记录，要求显示上网的卡号，用户名，机器号，开始时间、结束时间和消费金额
select top 3 *from tbl_record order by free desc
select *from tbl_record where free =(select MAX(free) from tbl_record) 




